﻿index;y_РазмерВыплат;y_Класс;Возрат;Пол;ИндМассыТела;Детей_кол-во;Курит?;РегионПроживания
0;16884.90;C2;19;female;27.90;0;yes;southwest
1;1725.55;C1;18;male;33.77;1;no;southeast
2;4449.46;C1;28;male;33.00;3;no;southeast
3;21984.50;C2;33;male;22.71;0;no;northwest
4;3866.86;C1;32;male;28.88;0;no;northwest
5;3756.62;C1;31;female;25.74;0;no;southeast
6;8240.59;C1;46;female;33.44;1;no;southeast
7;7281.51;C1;37;female;27.74;3;no;northwest
8;6406.41;C1;37;male;29.83;2;no;northeast
9;28923.10;C2;60;female;25.84;0;no;northwest
10;2721.32;C1;25;male;26.22;0;no;northeast
11;27808.70;C2;62;female;26.29;0;yes;southeast
12;1826.84;C1;23;male;34.40;0;no;southwest
13;11090.70;C2;56;female;39.82;0;no;southeast
14;39611.80;C3;27;male;42.13;0;yes;southeast
15;1837.24;C1;19;male;24.60;1;no;southwest
16;10797.30;C2;52;female;30.78;1;no;northeast
17;2395.17;C1;23;male;23.85;0;no;northeast
18;10602.40;C2;56;male;40.30;0;no;southwest
19;36837.50;C3;30;male;35.30;0;yes;southwest
20;13228.80;C2;60;female;36.01;0;no;northeast
21;4149.74;C1;30;female;32.40;1;no;southwest
22;1137.01;C1;18;male;34.10;0;no;southeast
23;37701.90;C3;34;female;31.92;1;yes;northeast
24;6203.90;C1;37;male;28.03;2;no;northwest
25;14001.10;C2;59;female;27.72;3;no;southeast
26;14451.80;C2;63;female;23.09;0;no;northeast
27;12268.60;C2;55;female;32.78;2;no;northwest
28;2775.19;C1;23;male;17.39;1;no;northwest
29;38711.00;C3;31;male;36.30;2;yes;southwest
30;35585.60;C3;22;male;35.60;0;yes;southwest
31;2198.19;C1;18;female;26.32;0;no;northeast
32;4687.80;C1;19;female;28.60;5;no;southwest
33;13770.10;C2;63;male;28.31;0;no;northwest
34;51194.60;C3;28;male;36.40;1;yes;southwest
35;1625.43;C1;19;male;20.43;0;no;northwest
36;15612.20;C2;62;female;32.97;3;no;northwest
37;2302.30;C1;26;male;20.80;0;no;southwest
38;39774.30;C3;35;male;36.67;1;yes;northeast
39;48173.40;C3;60;male;39.90;0;yes;southwest
40;3046.06;C1;24;female;26.60;0;no;northeast
41;4949.76;C1;31;female;36.63;2;no;southeast
42;6272.48;C1;41;male;21.78;1;no;
43;6313.76;C1;37;female;30.80;2;no;southeast
44;6079.67;C1;38;male;37.05;1;no;northeast
45;20630.30;C2;55;male;37.30;0;no;southwest
46;3393.36;C1;18;female;38.67;2;no;northeast
47;3556.92;C1;28;female;34.77;0;no;northwest
48;12629.90;C2;60;female;24.53;0;no;southeast
49;38709.20;C3;36;male;35.20;1;yes;southeast
50;2211.13;C1;18;female;35.63;0;no;northeast
51;3579.83;C1;21;female;33.63;2;no;northwest
52;23568.30;C2;48;male;28.00;1;yes;southwest
53;37742.60;C3;36;male;34.43;0;yes;southeast
54;8059.68;C1;40;female;28.69;3;no;northwest
55;47496.50;C3;58;male;36.96;2;yes;northwest
56;13607.40;C2;58;female;31.83;2;no;northeast
57;34303.20;C3;18;male;31.68;2;yes;southeast
58;23244.80;C2;53;female;22.88;1;yes;southeast
59;5989.52;C1;34;female;37.34;2;no;northwest
60;8606.22;C1;43;male;27.36;3;no;northeast
61;4504.66;C1;25;male;33.66;4;no;southeast
62;30166.60;C2;64;male;24.70;1;no;northwest
63;4133.64;C1;28;female;25.94;1;no;northwest
64;14711.70;C2;20;female;22.42;0;yes;northwest
65;1743.21;C1;19;female;28.90;0;no;southwest
66;14235.10;C2;61;female;39.10;2;no;southwest
67;6389.38;C1;40;male;26.32;1;no;northwest
68;5920.10;C1;40;female;36.19;0;no;southeast
69;17663.10;C2;28;male;23.98;3;yes;southeast
70;16577.80;C2;27;female;24.75;0;yes;southeast
71;6799.46;C1;31;male;28.50;5;no;northeast
72;11741.70;C2;53;female;28.10;3;no;southwest
73;11946.60;C2;58;male;32.01;1;no;southeast
74;7726.85;C1;44;male;27.40;2;no;southwest
75;11356.70;C2;57;male;34.01;0;no;northwest
76;3947.41;C1;29;female;29.59;1;no;southeast
77;1532.47;C1;21;male;35.53;0;no;southeast
78;2755.02;C1;22;female;39.81;0;no;
79;6571.02;C1;41;female;32.97;0;no;northwest
80;4441.21;C1;31;male;26.89;1;no;northeast
81;7935.29;C1;45;female;38.29;0;no;northeast
82;37165.20;C3;22;male;37.62;1;yes;southeast
83;11033.70;C2;48;female;41.23;4;no;northwest
84;39836.50;C3;37;female;34.80;2;yes;southwest
85;21098.60;C2;45;male;22.90;2;yes;northwest
86;43578.90;C3;57;female;31.16;0;yes;northwest
87;11073.20;C2;56;female;27.20;0;no;southwest
88;8026.67;C1;46;female;27.74;0;no;northwest
89;11082.60;C2;55;female;26.98;0;no;northwest
90;2026.97;C1;21;female;39.49;0;no;southeast
91;10942.10;C2;53;female;24.80;1;no;northwest
92;30184.90;C2;59;male;29.83;3;;northeast
93;5729.01;C1;35;male;34.77;2;no;northwest
94;47291.10;C3;64;female;31.30;2;yes;southwest
95;3766.88;C1;28;female;37.62;1;no;southeast
96;12105.30;C2;54;female;30.80;3;no;southwest
97;10226.30;C2;55;male;38.28;0;no;southeast
98;22412.60;C2;56;male;19.95;0;yes;northeast
99;15820.70;C2;38;male;19.30;0;yes;southwest
100;6186.13;C1;41;female;31.60;0;no;southwest
101;3645.09;C1;30;male;25.46;0;no;northeast
102;21344.80;C2;18;female;30.12;0;no;northeast
103;30942.20;C2;61;female;29.92;3;yes;southeast
104;5003.85;C1;34;female;27.50;1;no;southwest
105;17560.40;C2;20;male;28.03;1;yes;northwest
106;2331.52;C1;19;female;28.40;1;no;southwest
107;3877.30;C1;26;male;30.88;2;no;northwest
108;2867.12;C1;29;male;27.94;0;no;southeast
109;47055.50;C3;63;male;35.09;0;yes;southeast
110;10825.30;C2;54;male;33.63;1;no;northwest
111;11881.40;C2;55;female;29.70;2;no;southwest
112;4646.76;C1;37;male;30.80;0;no;southwest
113;2404.73;C1;21;female;35.72;0;no;northwest
114;11488.30;C2;52;male;32.21;3;no;northeast
115;30260.00;C2;60;male;28.60;0;no;northeast
116;11381.30;C2;58;male;49.06;0;no;southeast
117;19107.80;C2;29;female;27.94;1;yes;southeast
118;8601.33;C2;49;female;27.17;0;no;southeast
119;6686.43;C1;37;female;23.37;2;no;northwest
120;7740.34;C1;44;male;37.10;2;no;southwest
121;1705.62;C1;18;male;23.75;0;no;northeast
122;2257.48;C1;20;female;28.98;0;no;northwest
123;39556.50;C3;44;male;31.35;1;yes;northeast
124;10115.00;C2;47;female;33.92;3;no;northwest
125;3385.40;C1;26;female;28.79;0;no;northeast
126;17081.10;C2;19;female;28.30;0;yes;southwest
127;9634.54;C2;52;female;37.40;0;no;southwest
128;32734.20;C3;32;female;17.77;2;yes;northwest
129;6082.40;C1;38;male;34.70;2;no;southwest
130;12815.40;C2;59;female;26.51;0;no;northeast
131;13616.40;C2;61;female;22.04;0;no;northeast
132;11163.60;C2;53;female;35.90;2;no;southwest
133;1632.56;C1;19;male;25.56;0;no;northwest
134;2457.21;C1;20;female;28.79;0;no;northeast
135;2155.68;C1;22;female;28.05;0;no;southeast
136;1261.44;C1;19;male;34.10;0;no;southwest
137;2045.69;C1;22;male;25.18;0;no;northwest
138;27322.70;C2;54;female;31.90;3;no;southeast
139;2166.73;C1;22;female;36.00;0;no;southwest
140;27375.90;C2;34;male;22.42;2;no;northeast
141;3490.55;C1;26;male;32.49;1;no;northeast
142;18972.50;C2;34;male;25.30;2;yes;southeast
143;18157.90;C2;29;male;29.74;2;no;northwest
144;20746.00;C2;30;male;28.69;3;yes;northwest
145;5138.26;C1;29;female;38.83;3;no;southeast
146;40720.60;C3;46;male;30.50;3;yes;northwest
147;9877.61;C2;51;female;37.73;1;no;southeast
148;10959.70;C2;53;female;37.43;1;no;northwest
149;1842.52;C1;19;male;28.40;1;no;southwest
150;5125.22;C1;35;male;24.13;1;no;northwest
151;7789.64;C2;48;male;29.70;0;no;southeast
152;6334.34;C1;32;female;37.15;3;no;northeast
153;19964.70;C2;42;female;23.37;0;yes;
154;7077.19;C1;40;female;25.46;1;no;northeast
155;6948.70;C1;44;male;39.52;0;no;northwest
156;21223.70;C2;48;male;24.42;0;yes;southeast
157;15518.20;C2;18;male;25.18;0;yes;northeast
158;36950.30;C3;30;male;35.53;0;yes;southeast
159;19749.40;C2;50;female;27.83;3;no;southeast
160;21348.70;C2;42;female;26.60;0;yes;northwest
161;36149.50;C3;18;female;36.85;0;yes;southeast
162;10450.60;C2;54;male;39.60;1;no;southwest
163;5152.13;C1;32;female;29.80;2;no;southwest
164;5028.15;C1;37;male;;0;no;northwest
165;10407.10;C2;47;male;28.22;4;no;northeast
166;4830.63;C1;20;female;37.00;5;no;southwest
167;6128.80;C1;32;female;33.16;3;no;northwest
168;2719.28;C1;19;female;31.83;1;no;northwest
169;4827.90;C1;27;male;18.91;3;no;northeast
170;13405.40;C2;63;male;41.47;0;no;southeast
171;8116.68;C2;49;male;30.30;0;no;southwest
172;1694.80;C1;18;male;15.96;0;no;northeast
173;5246.05;C1;35;female;34.80;1;no;southwest
174;2855.44;C1;24;female;33.35;0;no;northwest
175;48824.40;C3;63;female;37.70;0;yes;southwest
176;6455.86;C1;38;male;27.84;2;no;northwest
177;10436.10;C2;54;male;29.20;1;no;southwest
178;8823.28;C1;46;female;28.90;2;no;southwest
179;8538.29;C1;41;female;33.16;3;no;northeast
180;11735.90;C2;58;male;28.60;0;no;northwest
181;1631.82;C1;;female;38.28;0;no;southeast
182;4005.42;C1;22;male;19.95;3;no;northeast
183;7419.48;C1;44;female;26.41;0;no;northwest
184;7731.43;C1;44;male;30.69;2;no;southeast
185;43753.30;C3;36;male;41.90;3;yes;northeast
186;3981.98;C1;26;female;29.92;2;no;southeast
187;5325.65;C1;30;female;30.90;3;no;southwest
188;6775.96;C1;41;female;32.20;1;no;southwest
189;4922.92;C1;29;female;32.11;2;no;northwest
190;12557.60;;61;male;31.57;0;no;southeast
191;4883.87;C1;36;female;26.20;0;no;southwest
192;2137.65;C1;25;male;25.74;0;no;southeast
193;12044.30;C1;;female;26.60;1;no;northwest
194;1137.47;C1;18;male;34.43;0;no;southeast
195;1639.56;C1;19;male;30.59;0;no;northwest
196;5649.72;C1;39;female;32.80;0;no;southwest
197;8516.83;C1;45;female;28.60;2;no;southeast
198;9644.25;C2;51;female;18.05;0;no;northwest
199;14901.50;C2;64;female;39.33;0;no;northeast
200;2130.68;C1;19;female;32.11;0;no;northwest
201;8871.15;C2;48;female;32.23;1;no;southeast
202;13012.20;C2;60;female;24.04;0;no;northwest
203;37133.90;C3;27;female;36.08;0;;southeast
204;7147.10;C1;46;male;22.30;0;no;southwest
205;4337.74;C1;28;female;28.88;1;no;northeast
206;11743.30;C2;59;male;26.40;0;no;southeast
207;20984.10;C2;35;male;27.74;2;yes;northeast
208;13880.90;C2;63;female;31.80;0;no;southwest
209;6610.11;C1;40;male;41.23;1;no;northeast
210;1980.07;C1;20;male;33.00;1;no;southwest
211;8162.72;C1;40;male;30.88;4;no;northwest
212;3537.70;C1;24;;28.50;2;no;northwest
213;5002.78;C1;34;female;26.73;1;no;southeast
214;8520.03;C1;45;female;30.90;2;no;southwest
215;7371.77;C1;41;female;37.10;2;no;southwest
216;10355.60;C2;53;female;26.60;0;no;northwest
217;2483.74;C1;27;male;23.10;0;no;southeast
218;3392.98;C1;26;female;29.92;1;no;southeast
219;25081.80;C2;24;female;23.21;0;no;southeast
220;5012.47;C1;34;female;33.70;1;no;southwest
221;10564.90;C2;53;female;33.25;0;no;northeast
222;5253.52;C1;32;male;30.80;3;no;southwest
223;34779.60;C3;19;male;34.80;0;yes;southwest
224;19515.50;C2;42;male;24.64;0;yes;southeast
225;11987.20;C2;55;male;33.88;3;no;southeast
226;2689.50;C1;28;male;38.06;0;no;southeast
227;24227.30;C2;58;female;41.91;0;no;southeast
228;7358.18;C1;41;female;31.64;1;no;northeast
229;9225.26;C2;47;male;25.46;2;no;northeast
230;7443.64;C1;42;female;36.20;1;no;northwest
231;14001.30;C2;59;female;27.83;3;no;southeast
232;1727.79;C1;19;female;17.80;0;no;southwest
233;12333.80;C2;59;male;27.50;1;no;southwest
234;6710.19;C1;39;male;24.51;2;no;northwest
235;19444.30;C2;40;female;22.22;2;yes;southeast
236;1615.77;C1;18;female;26.73;0;no;southeast
237;4463.21;C1;31;male;38.39;2;no;southeast
238;17352.70;C2;19;male;29.07;0;yes;northwest
239;7152.67;C1;44;male;38.06;1;no;southeast
240;38511.60;C3;23;female;36.67;2;yes;northeast
241;;C1;33;female;22.14;1;no;northeast
242;35160.10;C2;55;female;26.80;1;no;southwest
243;7196.87;C1;40;male;35.30;3;no;southwest
244;29523.20;C2;63;female;27.74;0;yes;northeast
245;24476.50;C2;54;male;30.02;0;no;northwest
246;12648.70;C2;60;female;38.06;0;no;southeast
247;1986.93;C1;24;male;35.86;0;no;southeast
248;1832.09;C1;19;male;20.90;1;no;southwest
249;4040.56;C1;29;male;28.98;1;no;northeast
250;12829.50;C2;18;male;17.29;2;yes;northeast
251;47305.30;C3;63;female;32.20;2;yes;southwest
252;44260.70;C3;54;male;34.21;2;yes;southeast
253;4260.74;C1;27;male;30.30;3;no;southwest
254;41097.20;C3;50;male;31.83;0;yes;northeast
255;13047.30;C2;55;female;25.37;3;no;northeast
256;43921.20;C3;56;male;33.63;0;yes;northwest
257;5400.98;C1;38;female;40.15;0;no;southeast
258;11520.10;C2;51;male;24.42;4;no;northwest
259;33750.30;C3;19;male;31.92;0;yes;northwest
260;11837.20;C2;58;female;25.20;0;no;southwest
261;17085.30;C2;20;female;26.84;1;yes;southeast
262;24869.80;C2;52;male;24.32;3;yes;northeast
263;36219.40;C3;19;male;36.96;0;yes;northwest
264;20463.00;C2;53;female;38.06;3;no;southeast
265;46151.10;C3;46;male;42.35;3;yes;southeast
266;17179.50;C2;40;male;19.80;1;yes;southeast
267;14590.60;C2;59;female;32.40;3;no;northeast
268;7441.05;C1;45;male;30.20;1;no;southwest
269;9282.48;C2;49;male;25.84;1;no;northeast
270;1719.44;C1;18;male;29.37;1;no;
271;42856.80;C3;50;male;34.20;2;yes;southwest
272;7265.70;C1;41;male;37.05;2;no;northwest
273;9617.66;C2;50;male;27.46;1;no;northeast
274;2523.17;C1;25;male;27.55;0;no;northwest
275;9715.84;C2;47;female;26.60;2;no;northeast
276;2803.70;C1;19;male;20.62;2;no;northwest
277;2150.47;C1;22;female;24.30;0;no;southwest
278;12928.80;C2;59;male;31.79;2;no;southeast
279;9855.13;C2;51;female;21.56;1;no;southeast
280;22331.60;C2;40;female;28.12;1;yes;northeast
281;48549.20;C3;54;male;40.57;3;yes;northeast
282;4237.13;C1;30;male;27.65;1;no;northeast
283;11879.10;C2;55;female;32.40;1;no;northeast
284;9625.92;C2;52;female;31.20;0;no;southwest
285;7742.11;C1;46;male;26.62;1;no;southeast
286;9432.93;C1;46;female;48.07;2;no;northeast
287;14256.20;C2;63;female;26.22;0;no;northwest
288;47896.80;;59;female;36.77;1;yes;northeast
289;25992.80;C2;52;male;26.40;3;no;southeast
290;3172.02;C1;28;female;33.40;0;no;southwest
291;20277.80;C2;29;male;29.64;1;no;northeast
292;42112.20;C3;25;;45.54;2;yes;southeast
293;2156.75;C1;22;female;28.82;0;no;southeast
294;3906.13;C1;25;male;26.80;3;no;southwest
295;1704.57;C1;18;male;22.99;0;no;northeast
296;16297.80;C2;19;male;27.70;0;yes;southwest
297;21978.70;C2;47;male;25.41;1;yes;southeast
298;38746.40;C3;31;male;34.39;3;yes;northwest
299;9249.50;C2;48;female;28.88;1;no;northwest
300;6746.74;C1;36;male;27.55;3;no;northeast
301;24873.40;C2;53;female;22.61;3;yes;northeast
302;12265.50;C2;56;female;37.51;2;no;southeast
303;4349.46;C1;28;female;33.00;2;no;southeast
304;12646.20;C2;57;female;38.00;2;no;southwest
305;19442.40;C2;29;male;33.35;2;no;northwest
306;20177.70;C2;28;female;27.50;2;no;southwest
307;4151.03;C1;30;female;33.33;1;no;southeast
308;11944.60;C2;58;male;34.87;0;no;northeast
309;7749.16;C1;41;female;33.06;2;no;northwest
310;8444.47;C2;50;male;26.60;0;no;southwest
311;1737.38;C1;19;female;24.70;0;no;southwest
312;42124.50;C3;43;male;35.97;3;yes;southeast
313;8124.41;C2;49;male;35.86;0;no;southeast
314;34838.90;C3;27;female;31.40;0;yes;southwest
315;9722.77;C2;52;male;33.25;0;no;northeast
316;8835.26;C2;50;male;;0;no;northwest
317;10435.10;C2;54;male;32.78;0;no;northeast
318;7421.19;C1;44;female;27.65;0;no;northwest
319;4667.61;C1;32;male;37.34;1;no;northeast
320;4894.75;C1;34;male;25.27;1;no;northwest
321;24671.70;C2;26;female;29.64;4;no;northeast
322;35491.60;C3;34;male;30.80;0;yes;southwest
323;11566.30;C2;57;male;40.95;0;no;northeast
324;2866.09;C1;29;male;27.20;0;no;southwest
325;6600.21;C1;40;male;34.11;1;no;northeast
326;3561.89;C1;27;female;23.21;1;no;southeast
327;42760.50;C3;45;male;36.48;2;yes;northwest
328;47928.00;C3;64;female;33.80;1;yes;southwest
329;9144.57;C2;52;male;36.70;0;no;southwest
330;48517.60;C3;61;female;36.39;1;yes;northeast
331;24393.60;C2;52;;27.36;0;yes;northwest
332;13429.00;C2;61;female;31.16;0;no;northwest
333;11658.40;C2;56;female;28.79;0;no;northeast
334;19144.60;C2;43;female;35.72;2;no;northeast
335;13822.80;C2;64;male;34.50;0;no;southwest
336;12142.60;C2;60;male;25.74;0;no;southeast
337;13937.70;C2;62;male;27.55;1;no;northwest
338;41919.10;C3;50;male;32.30;1;yes;northeast
339;8232.64;C1;46;female;27.72;1;no;southeast
340;18955.20;C2;24;female;27.60;0;no;southwest
341;13352.10;C2;62;male;30.02;0;no;northwest
342;13217.10;C2;60;female;27.55;0;no;northeast
343;13981.90;C2;63;male;36.77;0;no;northeast
344;10977.20;C2;49;female;41.47;4;no;southeast
345;6184.30;C1;34;female;29.26;3;no;southeast
346;4890.00;C1;33;male;35.75;2;no;southeast
347;8334.46;C1;46;male;33.35;1;no;northeast
348;5478.04;C1;36;female;29.92;1;no;southeast
349;1635.73;C1;19;male;27.84;0;no;northwest
350;11830.60;C2;57;female;23.18;0;no;northwest
351;8932.08;C2;50;female;25.60;0;no;southwest
352;3554.20;C1;30;female;27.70;0;no;southwest
353;12404.90;C1;33;male;35.25;;no;northeast
354;14133.00;C2;18;female;38.28;0;no;southeast
355;24603.00;C2;46;male;27.60;0;no;southwest
356;8944.12;C1;46;male;43.89;3;no;southeast
357;9620.33;C2;47;male;29.83;3;no;northwest
358;1837.28;C1;23;male;41.91;0;no;southeast
359;1607.51;C1;18;female;20.79;0;no;southeast
360;10043.20;C2;48;female;32.30;2;no;northeast
361;4751.07;C1;35;male;30.50;1;no;southwest
362;13844.50;C2;19;female;21.70;0;yes;southwest
363;2597.78;C1;21;female;26.40;1;no;southwest
364;3180.51;C1;21;female;21.89;2;no;southeast
365;9778.35;C2;49;female;30.78;1;no;northeast
366;13430.30;C2;56;female;32.30;3;no;northeast
367;8017.06;C1;42;female;24.99;2;no;northwest
368;8116.27;C1;44;male;32.02;2;no;northwest
369;3481.87;C1;18;male;30.40;3;no;northeast
370;13415.00;C2;61;female;21.09;0;no;northwest
371;12029.30;C2;57;female;22.23;0;no;northeast
372;7639.42;C1;42;female;33.16;1;no;northeast
373;36085.20;C3;26;male;32.90;2;yes;southwest
374;1391.53;C1;20;male;33.33;0;no;southeast
375;18034.00;C2;23;female;28.31;0;yes;northwest
376;21659.90;C2;39;female;24.89;3;yes;northeast
377;38126.20;C3;24;male;40.15;0;yes;southeast
378;16455.70;C2;64;female;30.12;3;no;northwest
379;27001.00;C2;62;male;31.46;1;no;southeast
380;15006.60;C2;27;female;17.96;2;yes;northeast
381;42303.70;C3;55;male;30.69;0;yes;northeast
382;20781.50;C2;55;male;33.00;0;no;southeast
383;5846.92;C1;35;female;43.34;2;no;southeast
384;8302.54;C1;44;male;22.14;2;no;northeast
385;1261.86;C1;19;male;34.40;0;no;southwest
386;11856.40;C2;58;female;39.05;0;no;southeast
387;30284.60;;50;male;25.37;2;no;northwest
388;3176.82;C1;26;female;22.61;0;no;northwest
389;4618.08;C1;24;female;30.21;3;no;northwest
390;10736.90;C2;48;male;35.63;4;no;northeast
391;2138.07;C1;19;female;37.43;0;no;northwest
392;8964.06;C2;48;male;31.45;1;no;northeast
393;9290.14;C2;49;male;31.35;1;no;northeast
394;9411.00;C1;46;female;32.30;2;no;northeast
395;7526.71;C1;46;male;19.86;0;no;northwest
396;8522.00;C1;43;female;34.40;3;no;southwest
397;16586.50;C2;21;male;31.02;0;no;southeast
398;14988.40;C2;64;male;25.60;2;no;southwest
399;1631.67;C1;18;female;38.17;0;no;southeast
400;9264.80;C2;51;female;20.60;0;no;southwest
401;8083.92;C2;47;male;47.52;1;no;southeast
402;14692.70;C2;64;female;32.97;0;no;northwest
403;10269.50;C2;49;male;32.30;3;no;northwest
404;3260.20;C1;31;male;20.40;0;no;southwest
405;11396.90;C2;52;female;38.38;2;no;northeast
406;4185.10;C1;33;female;24.31;0;no;southeast
407;8539.67;C2;47;female;23.60;1;no;southwest
408;6652.53;C1;38;male;21.12;3;no;southeast
409;4074.45;C1;32;male;30.03;1;no;southeast
410;1621.34;C1;19;male;17.48;0;no;northwest
411;19594.80;C2;44;female;20.24;1;yes;northeast
412;14455.60;C2;26;female;17.20;2;yes;northeast
413;5080.10;C1;25;male;23.90;5;no;southwest
414;2134.90;C1;19;female;35.15;0;no;northwest
415;7345.73;C1;43;female;35.64;1;no;southeast
416;9140.95;C2;52;male;34.10;0;no;southeast
417;18608.30;C2;;female;22.60;2;yes;southwest
418;14418.30;C2;64;male;39.16;1;no;southeast
419;28950.50;C2;63;female;26.98;0;yes;northwest
420;46889.30;C3;64;male;33.88;0;yes;southeast
421;46599.10;C3;61;male;35.86;0;yes;southeast
422;39125.30;C3;40;male;32.78;1;yes;northeast
423;2727.40;C1;25;male;30.59;0;no;northeast
424;8968.33;C2;48;male;30.20;2;no;southwest
425;9788.87;C1;45;male;24.31;5;no;southeast
426;6555.07;C1;38;female;27.27;1;no;northeast
427;7323.73;C1;18;female;29.17;0;no;northeast
428;3167.46;C1;21;female;16.82;1;no;northeast
429;18804.80;C2;27;female;30.40;3;no;northwest
430;23083.00;C2;19;male;33.10;0;no;southwest
431;4906.41;C1;29;female;20.24;2;no;northwest
432;5969.72;C1;42;male;26.90;0;no;southwest
433;12638.20;C2;60;female;30.50;0;no;southwest
434;4243.59;C1;31;male;28.60;1;no;northwest
435;13919.80;C2;60;male;33.11;3;no;southeast
436;2254.80;C1;22;male;31.73;0;no;northeast
437;5926.85;C1;35;male;28.90;3;no;southwest
438;12592.50;C2;52;female;46.75;5;no;southeast
439;2897.32;C1;26;male;29.45;0;no;northeast
440;4738.27;C1;31;female;32.68;1;no;northwest
441;37079.40;C3;33;female;33.50;0;yes;southwest
442;1149.40;C1;18;male;43.01;0;no;southeast
443;28287.90;C2;59;female;36.52;1;no;southeast
444;26109.30;C2;56;male;26.70;1;yes;northwest
445;7345.08;C1;45;female;33.10;0;no;southwest
446;12731.00;C2;60;male;29.64;0;no;northeast
447;11454.00;C2;56;female;25.65;0;no;northwest
448;5910.94;C1;40;female;29.60;0;no;southwest
449;4762.33;C1;35;male;38.60;1;no;southwest
450;7512.27;C1;39;male;29.60;4;no;southwest
451;4032.24;C1;30;male;24.13;1;no;northwest
452;1969.61;C1;24;male;23.40;0;no;southwest
453;1769.53;C1;20;male;29.74;0;no;northwest
454;4686.39;C1;32;male;46.53;2;;southeast
455;21797.00;C2;59;male;37.40;0;no;southwest
456;11882.00;C2;55;female;30.14;2;no;southeast
457;11840.80;C2;57;female;30.50;0;no;northwest
458;10601.40;C1;;male;39.60;0;no;southwest
459;7682.67;C1;40;female;33.00;3;no;southeast
460;10381.50;C2;49;female;36.63;3;no;southeast
461;22144.00;C2;42;male;30.00;0;yes;southwest
462;15230.30;C2;62;female;38.10;2;no;northeast
463;11165.40;C2;56;male;25.94;0;no;northeast
464;1632.04;C1;19;male;25.18;0;no;northwest
465;19522.00;C2;30;female;28.38;1;yes;southeast
466;13224.70;C2;60;female;28.70;1;no;southwest
467;12643.40;C2;56;female;33.82;2;no;northwest
468;23288.90;C2;28;female;24.32;1;no;northeast
469;2201.10;C1;18;female;24.09;1;no;southeast
470;2497.04;C1;27;male;32.67;0;no;southeast
471;2203.47;C1;18;female;30.12;0;no;northeast
472;1744.46;C1;19;female;29.80;0;no;southwest
473;20878.80;C2;47;female;33.35;0;no;northeast
474;25382.30;C2;54;male;25.10;3;yes;southwest
475;28868.70;C2;61;male;28.31;1;yes;northwest
476;35147.50;C3;24;male;28.50;0;yes;northeast
477;2534.39;C1;25;male;35.63;0;no;northwest
478;1534.30;C1;21;male;36.85;0;no;southeast
479;1824.29;C1;23;male;32.56;0;no;southeast
480;15555.20;C2;63;male;41.33;3;no;northwest
481;9304.70;C2;49;male;37.51;2;no;southeast
482;1622.19;C1;18;female;31.35;0;no;southeast
483;9880.07;C2;51;female;39.50;1;no;southwest
484;9563.03;C2;48;male;34.30;3;no;southwest
485;4347.02;C1;31;female;31.07;0;no;northeast
486;12475.40;C2;54;female;21.47;3;no;northwest
487;1253.94;C1;19;male;28.70;0;no;southwest
488;48885.10;C3;44;female;38.06;0;yes;southeast
489;10462.00;C2;53;male;31.16;1;no;northwest
490;1748.77;C1;19;female;32.90;0;no;southwest
491;24513.10;C2;61;female;25.08;0;no;southeast
492;2196.47;C1;18;female;25.08;0;no;northeast
493;12574.00;C2;61;male;43.40;0;no;southwest
494;17942.10;C2;21;male;25.70;4;yes;southwest
495;1967.02;C1;20;male;27.93;0;no;northeast
496;4931.65;C1;31;female;23.60;2;no;southwest
497;8027.97;C1;45;male;28.70;2;no;southwest
498;8211.10;C1;44;female;23.98;2;no;southeast
499;13470.90;C2;62;female;39.20;0;no;southwest
500;36197.70;C3;29;male;34.40;0;yes;southwest
501;6837.37;C1;43;male;26.03;0;no;northeast
502;22218.10;C2;51;male;23.21;1;yes;southeast
503;32548.30;C3;19;male;30.25;0;yes;southeast
504;5974.38;C1;38;female;28.93;1;no;southeast
505;6796.86;C1;37;male;30.88;3;no;northwest
506;2643.27;C1;22;male;31.35;1;no;northwest
507;3077.10;C1;21;male;23.75;2;no;northwest
508;3044.21;C1;24;female;25.27;0;no;northeast
509;11455.30;C2;57;female;28.70;0;no;southwest
510;11763.00;C2;56;male;32.11;1;no;northeast
511;2498.41;C1;;male;33.66;0;no;southeast
512;9361.33;C2;51;male;22.42;0;no;northeast
513;1256.30;C1;19;male;30.40;0;no;southwest
514;21082.20;C2;39;male;28.30;1;yes;southwest
515;11362.80;C2;58;male;35.70;0;no;southwest
516;27724.30;C2;20;male;35.31;1;no;southeast
517;8413.46;C1;45;male;30.50;2;no;northwest
518;5240.77;C1;35;female;31.00;1;no;southwest
519;3857.76;C1;31;male;30.88;0;no;northeast
520;25656.60;C2;50;female;27.36;0;no;northeast
521;3994.18;C1;32;female;44.22;0;no;southeast
522;9866.30;C2;51;female;33.92;0;no;northeast
523;5397.62;C1;38;female;37.73;0;no;southeast
524;38245.60;C3;42;male;26.07;1;yes;southeast
525;11482.60;C2;18;female;33.88;0;no;southeast
526;24059.70;C2;19;female;30.59;2;;northwest
527;9861.02;C2;51;female;25.80;1;no;southwest
528;8342.91;C1;46;male;39.43;1;no;northeast
529;1708.00;C1;18;male;25.46;0;no;northeast
530;48675.50;C3;57;male;42.13;1;yes;southeast
531;14043.50;C2;62;female;31.73;0;no;northeast
532;12925.90;C2;59;male;29.70;2;no;southeast
533;19214.70;C2;37;male;36.19;0;no;southeast
534;13831.10;C2;64;male;40.48;0;no;southeast
535;6067.13;C1;38;male;28.03;1;no;northeast
536;5972.38;C1;33;female;38.90;3;no;southwest
537;8825.09;C1;46;female;30.20;2;no;southwest
538;8233.10;C1;46;female;28.05;1;no;southeast
539;27346.00;C2;53;male;31.35;0;no;southeast
540;6196.45;C1;34;female;38.00;3;no;southwest
541;3056.39;C1;20;female;31.79;2;no;southeast
542;13887.20;C2;63;female;36.30;0;no;southeast
543;63770.40;C3;54;female;47.41;0;yes;southeast
544;10231.50;C2;54;male;30.21;0;no;northwest
545;23807.20;C2;49;male;25.84;2;yes;northwest
546;3268.85;C1;28;male;35.44;0;no;northeast
547;11538.40;C2;54;female;46.70;2;no;southwest
548;3213.62;C1;25;female;28.60;0;no;northeast
549;45863.20;C3;43;female;46.20;0;yes;southeast
550;13390.60;C2;63;male;30.80;0;no;southwest
551;3972.92;C1;32;female;28.93;0;no;southeast
552;12957.10;C2;62;male;21.40;0;no;southwest
553;11187.70;C2;52;female;31.73;2;no;northwest
554;17878.90;C2;25;female;41.33;0;no;northeast
555;3847.67;C1;28;male;23.80;2;no;southwest
556;8334.59;C1;46;male;33.44;1;no;northeast
557;3935.18;C1;34;male;34.21;0;no;southeast
558;39983.40;C3;35;female;34.11;3;yes;northwest
559;1646.43;C1;19;male;35.53;0;no;northwest
560;9193.84;C1;46;female;19.95;2;no;northwest
561;10923.90;C2;54;female;32.68;0;no;northeast
562;2494.02;C1;27;male;30.50;0;no;southwest
563;9058.73;C2;50;male;44.77;1;no;southeast
564;2801.26;C1;18;female;32.12;2;no;southeast
565;2128.43;C1;19;female;30.50;0;no;northwest
566;6373.56;C1;38;female;40.57;1;no;northwest
567;7256.72;C1;41;male;30.59;2;no;northwest
568;11552.90;C2;49;female;31.90;5;no;southwest
569;45702.00;C3;48;male;40.57;2;yes;northwest
570;3761.29;C1;31;female;29.10;0;no;southwest
571;2219.45;C1;18;female;37.29;1;no;southeast
572;4753.64;C1;30;female;43.12;2;no;southeast
573;31620.00;C2;62;female;36.86;1;no;northeast
574;13224.10;C2;57;female;34.30;2;no;northeast
575;12222.90;C2;58;female;27.17;0;no;northwest
576;1665.00;C1;22;male;26.84;0;no;southeast
577;58571.10;C3;31;female;38.10;1;yes;northeast
578;9724.53;C2;52;male;30.20;1;no;southwest
579;3206.49;C1;25;female;23.47;0;no;northeast
580;12914.00;C2;59;male;25.46;1;no;northeast
581;1639.56;C1;19;male;30.59;0;no;northwest
582;6356.27;;39;male;45.43;2;no;southeast
583;17626.20;;32;female;23.65;1;no;southeast
584;1242.82;;19;male;20.70;0;no;southwest
585;4779.60;C1;33;female;28.27;1;no;southeast
586;3861.21;C1;21;male;20.24;3;no;northeast
587;43943.90;C3;34;female;30.21;1;yes;northwest
588;13635.60;C2;61;female;35.91;0;no;northeast
589;5976.83;C1;38;female;30.69;1;no;southeast
590;11842.40;C2;58;female;29.00;0;no;southwest
591;8428.07;C2;47;male;19.57;1;no;northwest
592;2566.47;C1;20;male;31.13;2;no;southeast
593;15359.10;C2;21;female;21.85;1;yes;northeast
594;5709.16;C1;41;male;40.26;0;no;southeast
595;8823.99;C1;46;female;33.73;1;no;northeast
596;7640.31;C1;42;female;29.48;2;no;southeast
597;5594.85;C1;34;female;33.25;1;no;northeast
598;7441.50;C1;43;male;32.60;2;no;southwest
599;33472.00;C2;52;female;37.53;2;no;northwest
600;1633.04;C1;18;female;39.16;0;no;southeast
601;9174.14;C2;51;male;31.64;0;no;northwest
602;11070.50;C2;56;female;25.30;0;no;southwest
603;16085.10;C2;64;female;39.05;3;no;southeast
604;17469.00;C2;19;female;28.31;0;yes;northwest
605;9283.56;C2;51;female;34.10;0;no;southeast
606;3558.62;C1;27;female;25.18;0;no;northeast
607;25678.80;C2;59;female;23.66;0;yes;northwest
608;4435.09;C1;28;male;26.98;2;no;northeast
609;39241.40;C3;30;male;37.80;2;yes;southwest
610;8547.69;C2;47;female;29.37;1;no;southeast
611;6571.54;C1;38;female;34.80;2;no;southwest
612;2207.70;C1;18;female;33.16;0;no;northeast
613;6753.04;C1;34;female;19.00;3;no;northeast
614;1880.07;C1;20;female;33.00;0;no;southeast
615;42969.90;C3;47;female;36.63;1;yes;southeast
616;11658.10;C2;56;female;28.60;0;no;northeast
617;23306.50;C2;49;male;25.60;2;yes;southwest
618;;C3;19;female;33.11;0;yes;southeast
619;10713.60;C2;55;female;37.10;0;no;southwest
620;3659.35;C1;30;male;31.40;1;no;southwest
621;40182.20;C3;37;male;34.10;4;yes;southwest
622;9182.17;C2;49;female;21.30;1;no;southwest
623;34617.80;C3;18;male;33.54;0;yes;northeast
624;12129.60;C2;59;male;28.79;0;no;northwest
625;3736.46;C1;29;female;26.03;0;no;northwest
626;6748.59;C1;36;male;28.88;3;no;northeast
627;11326.70;C1;33;male;42.46;1;no;southeast
628;11366.00;C2;58;male;38.00;0;no;southwest
629;42983.50;C3;44;female;38.95;0;yes;northwest
630;10085.80;C2;53;male;36.10;1;no;southwest
631;1977.82;C1;24;male;29.30;0;no;southwest
632;3366.67;C1;29;female;35.53;0;no;southeast
633;7173.36;C1;40;male;22.71;2;no;northeast
634;9391.35;C2;51;male;39.70;1;no;southwest
635;14410.90;C2;64;male;38.19;0;no;northeast
636;2709.11;C1;19;female;24.51;1;no;northwest
637;24915.00;C2;35;female;38.10;2;no;northeast
638;20149.30;C2;39;male;26.41;0;yes;northeast
639;12949.20;C2;56;male;33.66;4;no;southeast
640;6666.24;C1;33;male;42.40;5;no;southwest
641;32787.50;C3;42;male;28.31;3;yes;northwest
642;13143.90;C2;61;male;33.92;0;no;northeast
643;4466.62;C1;23;female;34.96;3;no;northwest
644;18806.10;C2;43;male;35.31;2;no;southeast
645;10141.10;C2;48;male;30.78;3;no;northeast
646;6123.57;C1;39;male;26.22;1;no;northwest
647;8252.28;C1;40;female;23.37;3;no;northeast
648;1712.23;C1;18;male;28.50;0;no;northeast
649;12431.00;C2;58;female;32.97;0;no;northeast
650;9800.89;C2;49;female;42.68;2;no;southeast
651;10579.70;C2;53;female;39.60;1;no;southeast
652;8280.62;C2;48;female;31.13;0;no;southeast
653;8527.53;C1;45;female;36.30;2;no;southeast
654;12244.50;C2;59;female;35.20;0;no;southeast
655;24667.40;C2;52;female;25.30;2;yes;southeast
656;3410.32;C1;26;female;42.40;1;no;southwest
657;4058.71;C1;27;male;33.16;2;no;northwest
658;26392.30;C2;48;female;35.91;1;no;northeast
659;14394.40;C2;57;female;28.79;4;no;northeast
660;6435.62;C1;37;male;46.53;3;no;southeast
661;22192.40;C2;57;female;23.98;1;no;southeast
662;5148.55;C1;32;female;31.54;1;no;northeast
663;1136.40;C1;18;male;33.66;0;no;southeast
664;27037.90;C2;64;female;22.99;0;yes;southeast
665;42560.40;C3;43;male;38.06;2;yes;southeast
666;8703.46;C2;49;male;28.70;1;no;southwest
667;40003.30;C3;40;female;32.78;2;yes;northwest
668;45710.20;C3;62;male;32.02;0;yes;northeast
669;6500.24;C1;40;female;29.81;1;no;southeast
670;4837.58;C1;30;male;31.57;3;no;southeast
671;3943.60;C1;29;female;31.16;0;no;northeast
672;4399.73;C1;36;male;29.70;0;no;southeast
673;6185.32;C1;41;female;31.02;0;no;southeast
674;46201.00;C3;44;female;43.89;2;yes;southeast
675;7222.79;C1;45;male;21.38;0;no;northwest
676;12485.80;C2;55;female;40.81;3;no;southeast
677;46130.50;C3;60;male;31.35;3;yes;northwest
678;12363.50;C2;56;male;36.10;3;no;southwest
679;10156.80;C2;49;female;23.18;2;no;northwest
680;2585.27;C1;21;female;17.40;1;no;southwest
681;1242.26;C1;19;male;20.30;0;no;southwest
682;40103.90;C3;39;male;35.30;2;yes;southwest
683;9863.47;C2;53;male;24.32;0;no;northwest
684;4766.02;C1;33;female;18.50;1;no;southwest
685;11244.40;C2;53;male;26.41;2;no;northeast
686;7729.65;C1;42;male;26.13;2;no;northeast
687;5438.75;C1;40;male;41.69;0;no;southeast
688;26236.60;C2;47;female;24.10;1;no;southwest
689;34806.50;C3;27;male;31.13;1;yes;southeast
690;2104.11;C1;21;male;27.36;0;no;northeast
691;8068.19;C2;47;male;36.20;1;no;southwest
692;2362.23;C1;20;male;32.40;1;no;northwest
693;2352.97;C1;24;male;23.66;0;no;northwest
694;3578.00;C1;27;female;34.80;1;no;southwest
695;3201.25;C1;26;female;40.19;0;no;northwest
696;29186.50;C2;53;female;32.30;2;no;northeast
697;40273.60;C3;41;male;35.75;1;yes;southeast
698;10976.20;C2;56;male;33.73;0;no;northwest
699;3500.61;C1;23;female;39.27;2;no;southeast
700;2020.55;C1;21;female;34.87;0;no;southeast
701;9541.70;C2;50;female;44.75;0;no;northeast
702;9504.31;C2;53;male;41.47;0;no;
703;5385.34;C1;34;female;26.41;1;no;northwest
704;8930.93;C2;47;female;29.55;1;no;northwest
705;5375.04;C1;33;female;32.90;2;no;southwest
706;44400.40;C3;51;female;38.06;0;yes;southeast
707;10264.40;C2;49;male;28.69;3;no;northwest
708;6113.23;C1;31;female;30.50;3;no;northeast
709;5469.01;C1;36;female;27.74;0;no;northeast
710;1727.54;C1;18;male;35.20;1;no;southeast
711;10107.20;C2;50;female;23.54;2;no;southeast
712;8310.84;C1;43;female;30.69;2;no;northwest
713;1984.45;C1;20;male;40.47;0;no;northeast
714;2457.50;C1;24;female;22.60;0;no;southwest
715;12147.00;C2;60;male;28.90;0;no;southwest
716;9566.99;C2;49;female;22.61;1;no;northwest
717;13112.60;C2;60;male;24.32;1;no;northwest
718;10848.10;C2;51;female;36.67;2;no;northwest
719;12231.60;C2;58;female;33.44;0;no;northwest
720;9875.68;C2;51;female;40.66;0;no;northeast
721;11264.50;C2;53;male;36.60;3;no;southwest
722;12979.40;C2;62;male;37.40;0;no;southwest
723;1263.25;C1;19;male;35.40;0;no;southwest
724;10106.10;C2;50;female;27.08;1;no;northeast
725;40932.40;C3;30;female;39.05;3;yes;southeast
726;6664.69;C1;41;male;28.41;1;no;northwest
727;16657.70;C2;29;female;21.76;1;yes;northeast
728;2217.60;C1;18;female;40.28;0;no;northeast
729;6781.35;C1;41;female;36.08;1;no;southeast
730;19362.00;C2;35;male;24.42;3;yes;southeast
731;10065.40;C2;53;male;21.40;1;no;southwest
732;4234.93;C1;24;female;30.10;3;no;southwest
733;9447.25;C2;48;female;27.27;1;no;northeast
734;14007.20;C2;59;female;32.10;3;no;southwest
735;9583.89;C2;49;female;34.77;1;no;northwest
736;40419.00;C3;37;female;38.39;0;yes;southeast
737;3484.33;C1;26;male;23.70;2;no;southwest
738;36189.10;C3;23;male;31.73;3;yes;northeast
739;44585.50;C3;29;male;35.50;2;yes;southwest
740;8604.48;C1;45;male;24.04;2;no;northeast
741;18246.50;C2;27;male;;0;yes;southeast
742;43254.40;C3;53;male;34.11;0;yes;northeast
743;3757.84;C1;31;female;26.62;0;no;southeast
744;8827.21;C2;50;male;26.41;0;no;northwest
745;9910.36;C2;50;female;30.12;1;no;northwest
746;11737.80;C1;34;male;27.00;2;no;southwest
747;;C3;19;male;21.76;0;no;northwest
748;8556.91;C2;47;female;36.00;1;no;southwest
749;3062.51;C1;28;male;30.88;0;no;northwest
750;19539.20;C2;37;female;26.40;0;yes;southeast
751;1906.36;C1;21;male;28.98;0;no;northwest
752;14210.50;C2;64;male;37.91;0;no;northwest
753;11833.80;C2;58;female;22.77;0;no;southeast
754;17128.40;C2;24;male;33.63;4;no;northeast
755;5031.27;C1;31;male;27.65;2;no;northeast
756;7985.81;C1;39;female;22.80;3;no;northeast
757;23065.40;C2;47;female;27.83;0;yes;southeast
758;5428.73;C1;30;male;37.43;3;no;northeast
759;36307.80;C3;18;male;38.17;0;yes;southeast
760;3925.76;C1;22;female;34.58;2;no;northeast
761;2416.95;C1;23;male;35.20;1;no;southwest
762;19040.90;C2;33;male;27.10;1;yes;southwest
763;3070.81;C1;27;male;26.03;0;no;northeast
764;9095.07;C1;45;female;25.18;2;no;northeast
765;11842.60;C2;57;female;31.83;0;no;northwest
766;8062.76;C2;47;male;32.30;1;no;southwest
767;7050.64;C1;42;female;29.00;1;no;southwest
768;14319.00;C2;64;female;39.70;0;no;southwest
769;6933.24;C1;38;female;19.48;2;no;northwest
770;27941.30;C2;61;male;36.10;3;no;southwest
771;11150.80;C2;53;female;26.70;2;no;southwest
772;12797.20;C2;44;female;36.48;0;no;northeast
773;17748.50;C2;19;female;28.88;0;yes;northwest
774;7261.74;C1;41;male;34.20;2;no;northwest
775;10560.50;C2;51;male;33.33;3;no;southeast
776;6986.70;C1;40;male;32.30;2;no;northwest
777;7448.40;C1;45;male;39.81;0;no;northeast
778;5934.38;C1;35;male;34.32;3;no;southeast
779;9869.81;C2;53;male;28.88;0;no;northwest
780;18259.20;C2;30;male;24.40;3;yes;southwest
781;1146.80;C1;18;male;41.14;0;no;southeast
782;9386.16;C2;51;male;35.97;1;no;southeast
783;24520.30;C2;50;female;27.60;1;yes;southwest
784;4350.51;C1;31;female;29.26;1;no;southeast
785;6414.18;C1;35;female;27.70;3;no;southwest
786;;C2;60;male;36.96;0;no;northeast
787;1917.32;C1;21;male;36.86;0;no;northwest
788;5209.58;C1;29;male;22.52;3;no;northeast
789;13458.00;C2;62;female;29.92;0;no;southeast
790;5662.23;C1;39;female;41.80;0;no;southeast
791;1252.41;C1;19;male;27.60;0;no;southwest
792;2731.91;C1;22;female;23.18;0;no;northeast
793;21195.80;C2;53;male;20.90;0;yes;southeast
794;7209.49;C1;39;female;31.92;2;no;northwest
795;18310.70;C2;27;male;28.50;0;yes;northwest
796;4266.17;C1;30;male;44.22;2;no;southeast
797;4719.52;C1;30;female;22.90;1;no;northeast
798;11848.10;C2;58;female;33.10;0;no;southwest
799;17904.50;C2;33;male;24.80;0;yes;northeast
800;7046.72;C1;42;female;26.18;1;no;southeast
801;14313.80;C2;64;female;35.97;0;no;southeast
802;2103.08;C1;21;male;22.30;1;no;southwest
803;38792.70;C3;18;female;42.24;0;yes;southeast
804;1815.88;C1;23;male;26.51;0;no;southeast
805;7731.86;C1;45;female;35.82;0;no;northwest
806;28476.70;C2;40;female;41.42;1;no;northwest
807;2136.88;C1;19;female;36.58;0;no;northwest
808;1131.51;C1;18;male;30.14;0;no;southeast
809;3309.79;C1;25;male;25.84;1;no;northeast
810;9414.92;C1;46;female;30.80;3;no;southwest
811;6360.99;C1;33;female;42.94;3;no;northwest
812;11013.70;C2;54;male;21.01;2;no;southeast
813;4428.89;C1;28;male;22.52;2;no;northeast
814;5584.31;C1;36;male;34.43;2;no;southeast
815;1877.93;C1;20;female;31.46;0;no;southeast
816;2842.76;C1;24;female;24.23;0;no;northwest
817;3597.60;C1;23;male;37.10;3;no;southwest
818;23401.30;C2;47;female;26.13;1;yes;northeast
819;55135.40;C3;33;female;35.53;0;yes;northwest
820;7445.92;C1;45;male;33.70;1;no;southwest
821;2680.95;C1;26;male;17.67;0;no;northwest
822;;C3;18;female;31.13;0;no;southeast
823;8219.20;C1;44;female;29.81;2;no;southeast
824;12523.60;C2;60;male;24.32;0;no;northwest
825;16069.10;C2;64;female;31.83;2;no;northeast
826;43813.90;C3;56;male;31.79;2;yes;southeast
827;20773.60;C2;36;male;28.03;1;yes;northeast
828;39597.40;C3;41;male;30.78;3;yes;northeast
829;6117.49;C1;39;male;21.85;1;no;northwest
830;13393.80;C2;63;male;33.10;0;no;southwest
831;5266.37;C1;36;female;25.84;0;no;northwest
832;4719.74;C1;28;female;23.85;2;no;
833;11743.90;C2;58;male;34.39;0;no;northwest
834;5377.46;C1;36;male;33.82;1;no;northwest
835;7160.33;C1;42;male;35.97;2;no;southeast
836;4402.23;C1;36;male;31.50;0;no;southwest
837;11657.70;C2;56;female;28.31;0;no;northeast
838;6402.29;C1;35;female;23.47;2;no;northeast
839;12622.20;C2;59;female;31.35;0;no;northwest
840;1526.31;C1;21;male;31.10;0;no;southwest
841;12323.90;C2;59;male;24.70;0;no;northeast
842;36021.00;C3;23;female;32.78;2;yes;southeast
843;27533.90;C2;57;female;29.81;0;yes;southeast
844;10072.10;C2;53;male;30.50;0;no;northeast
845;45009.00;C3;60;female;32.45;0;yes;southeast
846;9872.70;C2;51;female;34.20;1;no;southwest
847;2438.06;C1;23;male;50.38;1;no;southeast
848;2974.13;C1;27;female;24.10;0;no;southwest
849;10601.60;C2;55;male;32.78;0;no;northwest
850;37270.20;C3;37;female;30.78;0;yes;northeast
851;14119.60;C2;61;male;32.30;2;no;northwest
852;42111.70;C3;46;female;35.53;0;yes;northeast
853;11729.70;C2;53;female;23.75;2;no;northeast
854;24106.90;C2;49;female;23.85;3;yes;northeast
855;1875.34;C1;20;female;29.60;0;no;southwest
856;40974.20;C3;48;female;33.11;0;yes;southeast
857;15818.00;C2;25;male;24.13;0;yes;northwest
858;18218.20;C2;25;female;32.23;1;no;southeast
859;10965.40;C2;57;male;28.10;0;no;southwest
860;46113.50;C3;37;female;47.60;2;yes;southwest
861;7151.09;C1;38;female;28.00;3;no;southwest
862;12269.70;C2;55;female;33.54;2;no;northwest
863;5458.05;C1;36;female;19.86;0;no;northeast
864;;C1;;male;25.40;0;no;southwest
865;6600.36;C1;40;male;29.90;2;no;southwest
866;1141.45;C1;18;male;37.29;0;no;southeast
867;11576.10;C2;57;male;43.70;1;no;southwest
868;13129.60;C2;61;male;23.66;0;no;northeast
869;4391.65;C1;25;female;24.30;3;no;southwest
870;8457.82;C2;50;male;36.20;0;no;southwest
871;3392.37;C1;26;female;29.48;1;no;southeast
872;5966.89;C1;42;male;24.86;0;no;southeast
873;6849.03;C1;;male;30.10;1;no;southwest
874;8891.14;C1;44;male;21.85;3;no;northeast
875;2690.11;C1;23;female;28.12;0;no;northwest
876;26140.40;C2;49;female;27.10;1;no;southwest
877;6653.79;C1;33;male;33.44;5;no;southeast
878;6282.23;C1;41;male;28.80;1;no;southwest
879;6311.95;C1;37;female;29.50;2;no;southwest
880;3443.06;C1;;male;34.80;3;no;southwest
881;2789.06;C1;23;male;27.36;1;no;northwest
882;2585.85;C1;21;female;22.14;0;no;northeast
883;46255.10;C3;51;female;37.05;3;yes;northeast
884;4877.98;C1;25;male;26.70;4;no;northwest
885;19719.70;C2;32;male;28.93;1;yes;southeast
886;27218.40;C2;57;male;28.98;0;yes;northeast
887;5272.18;C1;36;female;30.02;0;no;northwest
888;1682.60;C1;22;male;39.50;0;no;southwest
889;11945.10;C2;57;male;33.63;1;no;northwest
890;29331.00;C2;64;female;26.89;0;yes;northwest
891;7243.81;C1;36;female;29.04;4;no;southeast
892;10422.90;C2;54;male;24.04;0;no;northeast
893;44202.70;C3;47;male;38.94;2;yes;southeast
894;13555.00;C2;62;male;32.11;0;no;northeast
895;13063.90;C2;61;female;44.00;0;no;southwest
896;19798.10;C2;43;female;20.05;2;yes;northeast
897;2221.56;C1;19;male;25.56;1;no;northwest
898;1634.57;C1;18;female;40.26;0;no;southeast
899;2117.34;C1;19;female;22.52;0;no;northwest
900;8688.86;C2;49;male;22.52;0;no;northeast
901;48673.60;C3;60;male;40.92;0;yes;southeast
902;4661.29;C1;26;male;27.27;3;no;northeast
903;8125.78;C2;49;male;36.85;0;no;southeast
904;12644.60;C2;60;female;35.10;0;no;southwest
905;4564.19;C1;26;female;29.36;2;no;northeast
906;4846.92;C1;27;male;32.59;3;no;northeast
907;7633.72;C1;44;female;32.34;1;no;southeast
908;15170.10;C2;63;male;39.80;3;no;southwest
909;17496.30;C2;32;female;24.60;0;yes;southwest
910;2639.04;C1;22;male;28.31;1;;northwest
911;;C3;18;male;31.73;0;yes;northeast
912;14382.70;C2;59;female;26.70;3;no;northwest
913;7626.99;C1;44;female;27.50;1;no;southwest
914;5257.51;C1;33;male;24.61;2;no;northwest
915;2473.33;C1;24;female;33.99;0;no;southeast
916;21774.30;C2;43;female;26.89;0;yes;northwest
917;35069.40;C3;45;male;22.90;0;yes;northeast
918;13041.90;C2;61;female;28.20;0;no;southwest
919;5245.23;C1;35;female;34.21;1;no;southeast
920;13451.10;C2;62;female;25.00;0;no;southwest
921;13462.50;C2;62;female;33.20;0;no;southwest
922;5488.26;C1;38;male;31.00;1;no;southwest
923;4320.41;C1;34;male;35.82;0;no;northwest
924;6250.44;C1;43;male;23.20;0;no;southwest
925;25333.30;C2;50;male;32.11;2;no;northeast
926;;C3;19;female;23.40;2;no;southwest
927;12032.30;C2;57;female;20.10;1;no;southwest
928;13470.80;C2;62;female;39.16;0;no;southeast
929;6289.75;C1;41;male;34.21;1;no;southeast
930;2927.06;C1;26;male;46.53;1;no;southeast
931;6238.30;C1;39;female;32.50;1;no;southwest
932;10097.00;C1;46;male;25.80;5;no;southwest
933;7348.14;C1;45;female;35.30;0;no;southwest
934;4673.39;C1;32;male;37.18;2;no;southeast
935;12233.80;C2;59;female;27.50;0;no;southwest
936;32108.70;C2;44;male;;2;no;northeast
937;8965.80;C1;39;female;24.23;5;no;northwest
938;2304.00;C1;18;male;26.18;2;no;southeast
939;9487.64;C2;53;male;29.48;0;no;southeast
940;1121.87;C1;18;male;23.21;0;no;southeast
941;9549.57;C2;50;female;46.09;1;no;southeast
942;2217.47;C1;18;female;40.19;0;no;northeast
943;1628.47;C1;19;male;22.61;0;no;northwest
944;12982.90;C2;62;male;39.93;0;no;southeast
945;11674.10;C2;56;female;35.80;1;no;southwest
946;7160.09;C1;42;male;35.80;2;no;southwest
947;39047.30;C3;37;male;34.20;1;yes;northeast
948;6358.78;C1;42;male;31.26;0;no;northwest
949;19933.50;C2;25;male;29.70;3;yes;southwest
950;11534.90;C2;57;male;18.34;0;no;northeast
951;47462.90;C3;51;male;42.90;2;yes;southeast
952;4527.18;C1;30;female;28.41;1;no;northwest
953;38998.50;C3;44;male;30.20;2;yes;southwest
954;20009.60;C2;34;male;27.84;1;yes;northwest
955;3875.73;C1;31;male;39.49;1;no;southeast
956;41999.50;C3;54;male;30.80;1;yes;southeast
957;12609.90;C2;24;male;26.79;1;no;northwest
958;41034.20;C3;43;male;34.96;1;yes;northeast
959;28468.90;C2;48;male;36.67;1;no;northwest
960;2730.11;C1;19;female;39.62;1;no;northwest
961;3353.28;C1;29;female;25.90;0;no;southwest
962;14474.70;C2;63;female;35.20;1;no;southeast
963;9500.57;C1;46;male;24.80;3;no;northeast
964;26467.10;C2;52;male;36.77;;no;northwest
965;4746.34;C1;35;male;27.10;1;no;southwest
966;23967.40;C2;51;male;24.80;2;yes;northwest
967;7518.03;C1;44;male;25.37;1;no;northwest
968;3279.87;C1;21;male;25.75;2;no;northeast
969;8596.83;C1;39;female;34.32;5;no;southeast
970;10702.60;C2;50;female;28.16;3;no;southeast
971;4992.38;C1;34;female;23.56;0;no;northeast
972;2527.82;C1;22;female;20.24;0;no;northwest
973;1759.34;C1;19;female;40.50;0;no;southwest
974;2322.62;C1;26;male;35.42;0;no;southeast
975;16138.80;C2;29;male;22.90;0;yes;northeast
976;7804.16;C2;48;male;40.15;0;no;southeast
977;2902.91;C1;26;male;29.15;1;no;southeast
978;;C2;45;female;40.00;3;no;northeast
979;4889.04;C1;36;female;29.92;0;no;southeast
980;25517.10;C2;54;male;25.46;1;no;northeast
981;4500.34;C1;34;male;21.38;0;no;northeast
982;19199.90;C2;31;male;25.90;3;yes;southwest
983;16796.40;C2;27;female;30.59;1;no;northeast
984;4915.06;C1;20;male;30.12;5;no;northeast
985;7624.63;C1;44;female;25.80;1;no;southwest
986;8410.05;C1;43;male;30.12;3;no;northwest
987;28340.20;C2;45;female;27.65;1;no;northwest
988;4518.83;C1;34;male;34.68;0;no;northeast
989;14571.90;C2;24;female;20.52;0;yes;northeast
990;3378.91;C1;26;female;19.80;1;no;southwest
991;7144.86;C1;38;female;27.84;2;no;northeast
992;10118.40;C2;50;female;;2;no;southwest
993;5484.47;C1;38;male;28.27;1;no;southeast
994;16420.50;C2;27;female;20.05;3;yes;northwest
995;7986.48;C1;39;female;23.28;3;no;northeast
996;7418.52;C1;39;female;34.10;3;no;southwest
997;13888.00;C2;63;female;36.85;0;no;southeast
998;6551.75;C1;33;female;36.29;3;no;northeast
999;5267.82;C1;36;female;26.89;0;no;northwest
1000;17361.80;C2;30;male;22.99;2;yes;northwest
1001;;C3;24;male;32.70;0;yes;southwest
1002;1972.95;;24;male;25.80;0;no;southwest
1003;21232.20;C2;48;male;29.60;0;no;southwest
1004;8627.54;C2;47;male;19.19;1;no;northeast
1005;4433.39;C1;29;male;31.73;2;no;northwest
1006;4438.26;C1;28;male;29.26;2;no;northeast
1007;;C2;47;male;28.22;3;yes;northwest
1008;23241.50;C2;25;male;24.99;2;no;northeast
1009;9957.72;C2;51;male;27.74;1;no;northeast
1010;8269.04;C2;48;female;22.80;0;no;southwest
1011;18767.70;C2;43;male;20.13;2;yes;southeast
1012;36580.30;C2;61;female;33.33;4;no;southeast
1013;8765.25;C2;48;male;32.30;1;no;northwest
1014;5383.54;C1;38;female;27.60;0;no;southwest
1015;12125.00;C2;59;male;25.46;0;no;northwest
1016;2709.24;C1;19;female;24.61;1;no;northwest
1017;3987.93;C1;26;female;34.20;2;no;southwest
1018;12495.30;C2;54;female;35.82;3;no;northwest
1019;26019.00;C2;21;female;32.68;2;no;northwest
1020;8798.59;C2;51;male;37.00;0;no;southwest
1021;35595.60;C3;22;female;31.02;3;yes;southeast
1022;42211.10;C3;47;male;36.08;1;yes;southeast
1023;1711.03;C1;18;male;23.32;1;no;southeast
1024;8569.86;C2;47;female;45.32;1;no;southeast
1025;2020.18;C1;21;female;34.60;0;no;southwest
1026;16450.90;C2;19;male;26.03;1;yes;northwest
1027;21595.40;C2;23;male;18.72;0;no;northwest
1028;9850.43;C2;54;male;31.60;0;no;southwest
1029;6877.98;C1;37;female;17.29;2;no;northeast
1030;21677.30;C2;46;female;23.66;1;yes;northwest
1031;44423.80;C3;55;female;35.20;0;yes;southeast
1032;4137.52;C1;30;female;27.93;0;no;northeast
1033;13747.90;C2;18;male;21.57;0;yes;northeast
1034;12950.10;C2;61;male;38.38;0;no;northwest
1035;12094.50;C2;54;female;23.00;3;no;southwest
1036;37484.40;C3;22;male;37.07;2;yes;southeast
1037;39725.50;C3;45;female;30.50;1;yes;northwest
1038;2250.84;C1;22;male;28.88;0;no;northeast
1039;;C3;19;male;27.27;2;no;northwest
1040;20234.90;C2;35;female;28.03;0;yes;northwest
1041;1704.70;C1;18;male;23.09;0;no;northeast
1042;33475.80;C3;20;male;30.69;0;yes;northeast
1043;3161.45;C1;28;female;25.80;0;no;southwest
1044;11394.10;C2;55;male;35.25;1;no;northeast
1045;21880.80;C2;43;female;24.70;2;yes;northwest
1046;7325.05;C1;43;female;25.08;0;no;northeast
1047;44501.40;C3;22;male;52.58;1;yes;southeast
1048;3594.17;C1;25;female;22.52;1;no;northwest
1049;39727.60;C3;49;male;30.90;0;yes;southwest
1050;8023.14;C1;44;female;36.96;1;no;northwest
1051;14394.60;C2;64;male;26.41;0;no;northeast
1052;9288.03;C2;49;male;29.83;1;no;northeast
1053;25309.50;C2;47;male;29.80;3;yes;southwest
1054;3353.47;C1;27;female;21.47;0;no;northwest
1055;10594.50;C2;55;male;27.65;0;no;northwest
1056;8277.52;C2;48;female;28.90;0;no;southwest
1057;17929.30;C2;45;female;31.79;0;no;southeast
1058;2480.98;C1;24;female;39.49;0;no;southeast
1059;4462.72;C1;32;male;33.82;1;no;northwest
1060;1981.58;C1;24;male;32.01;0;no;southeast
1061;11554.20;C2;57;male;27.94;1;no;southeast
1062;48970.20;C3;59;male;41.14;1;yes;southeast
1063;6548.20;C1;36;male;28.60;3;no;northwest
1064;5708.87;C1;29;female;25.60;4;no;southwest
1065;7045.50;C1;42;female;25.30;1;no;southwest
1066;8978.19;C2;48;male;37.29;2;no;southeast
1067;5757.41;C1;39;male;42.66;0;no;northeast
1068;14349.90;C2;63;male;21.66;1;no;northwest
1069;10928.80;C2;54;female;31.90;1;no;southeast
1070;39871.70;C3;37;male;37.07;1;yes;southeast
1071;13974.50;C1;;male;31.45;0;no;northeast
1072;1909.53;C1;21;male;31.26;0;no;northwest
1073;12096.70;C2;54;female;28.88;2;no;northeast
1074;13204.30;C2;60;female;18.34;0;no;northeast
1075;4562.84;C1;32;female;29.59;1;no;southeast
1076;8551.35;C2;47;female;32.00;1;no;southwest
1077;2102.26;C1;21;male;26.03;0;no;northeast
1078;34672.10;C3;28;male;31.68;0;yes;southeast
1079;15161.50;C2;63;male;33.66;3;no;southeast
1080;11884.00;C2;18;male;21.78;2;no;southeast
1081;4454.40;C1;32;male;27.84;1;no;northwest
1082;5855.90;C1;38;male;19.95;1;no;northwest
1083;4076.50;C1;32;male;31.50;1;no;southwest
1084;15019.80;C2;62;female;30.50;2;no;northwest
1085;19023.30;C2;39;female;18.30;5;yes;southwest
1086;10796.40;C2;55;male;28.98;0;no;northeast
1087;11353.20;C2;57;male;31.54;0;no;northwest
1088;9748.91;C2;52;male;47.74;1;no;southeast
1089;10577.10;C2;56;male;22.10;0;no;southwest
1090;41676.10;C3;47;male;36.19;0;yes;southeast
1091;11286.50;C2;55;female;29.83;0;no;northeast
1092;3591.48;C1;23;male;32.70;3;no;southwest
1093;33907.50;C3;22;female;30.40;0;yes;northwest
1094;11299.30;C2;50;female;33.70;4;no;southwest
1095;4561.19;C1;18;female;31.35;4;no;northeast
1096;44641.20;C3;51;female;34.96;2;yes;northeast
1097;1674.63;C1;22;male;33.77;0;no;southeast
1098;23045.60;C2;52;female;30.88;0;no;northeast
1099;3227.12;C1;25;female;33.99;1;;southeast
1100;16776.30;C2;33;female;19.10;2;yes;northeast
1101;11253.40;C2;53;male;28.60;3;no;southwest
1102;3471.41;C1;29;male;38.94;1;no;southeast
1103;11363.30;C2;58;male;36.08;0;no;southeast
1104;20420.60;C2;37;male;29.80;0;no;southwest
1105;10338.90;C2;54;female;31.24;0;no;southeast
1106;8988.16;C2;49;female;29.93;0;no;northwest
1107;10493.90;C2;50;female;26.22;2;no;northwest
1108;2904.09;C1;26;male;30.00;1;no;southwest
1109;8605.36;C1;45;male;20.35;3;no;southeast
1110;11512.40;C2;54;female;32.30;1;no;northeast
1111;41949.20;C3;38;male;38.39;3;yes;southeast
1112;24180.90;C2;48;female;25.85;3;yes;southeast
1113;5312.17;C1;28;female;26.32;3;no;northwest
1114;2396.10;C1;23;male;24.51;0;no;northeast
1115;10807.50;C2;55;male;32.67;1;no;southeast
1116;9222.40;C1;41;male;29.64;5;no;northeast
1117;36124.60;C3;25;male;33.33;2;yes;southeast
1118;38282.70;C3;33;male;35.75;1;yes;southeast
1119;5693.43;C1;30;female;19.95;3;no;northwest
1120;34166.30;C3;23;female;31.40;0;yes;southwest
1121;8347.16;C1;46;male;38.17;2;no;southeast
1122;46661.40;C3;53;female;36.86;3;yes;northwest
1123;18903.50;C2;27;female;32.40;1;no;northeast
1124;40904.20;C3;23;female;42.75;1;yes;northeast
1125;14254.60;C2;63;female;25.08;0;no;northwest
1126;10214.60;C2;55;male;29.90;0;no;southwest
1127;5836.52;C1;35;female;35.86;2;no;southeast
1128;14358.40;C1;34;male;32.80;1;no;southwest
1129;1728.90;C1;19;female;18.60;0;no;southwest
1130;8582.30;C1;39;female;23.87;5;no;southeast
1131;3693.43;C1;27;male;45.90;2;no;southwest
1132;20709.00;C2;57;male;40.28;0;no;northeast
1133;9991.04;C2;52;female;18.34;0;no;northwest
1134;19673.30;C2;28;male;33.82;0;no;northwest
1135;11085.60;C2;50;female;28.12;3;no;northwest
1136;7623.52;C1;44;female;25.00;1;no;southwest
1137;3176.29;C1;26;female;22.23;0;no;northwest
1138;3704.35;C1;33;male;30.25;0;no;southeast
1139;36898.70;C3;19;female;32.49;0;yes;northwest
1140;9048.03;C2;50;male;37.07;1;no;southeast
1141;7954.52;C1;41;female;32.60;3;no;southwest
1142;27118.00;C2;52;female;24.86;;no;southeast
1143;6338.08;C1;39;male;32.34;2;no;southeast
1144;9630.40;C2;50;male;32.30;2;no;southwest
1145;11289.10;C2;52;male;32.78;3;no;northwest
1146;52590.80;C3;60;male;32.80;0;yes;southwest
1147;2261.57;C1;;female;31.92;0;no;northwest
1148;10792.00;C2;55;male;21.50;1;no;southwest
1149;5979.73;C1;42;male;34.10;0;no;southwest
1150;2203.74;C1;18;female;30.31;0;no;northeast
1151;12235.80;C2;58;female;36.48;0;no;northwest
1152;40941.30;C3;43;female;32.56;3;yes;southeast
1153;5630.46;C1;35;female;35.82;1;no;northwest
1154;11015.20;C2;48;female;27.93;4;no;northwest
1155;7228.22;C1;36;female;22.14;3;no;northeast
1156;39722.70;C3;19;male;44.88;0;yes;southeast
1157;14426.10;C2;23;female;23.18;2;no;northwest
1158;2459.72;C1;20;female;30.59;0;no;northeast
1159;3989.84;C1;32;female;41.10;0;no;southwest
1160;7727.25;C1;43;female;34.58;1;no;northwest
1161;5124.19;C1;34;male;42.13;2;no;southeast
1162;18963.20;C2;30;male;38.83;1;no;southeast
1163;2200.83;C1;18;female;28.22;0;no;northeast
1164;7153.55;C1;41;female;28.31;1;no;northwest
1165;5227.99;C1;35;female;26.13;0;no;northeast
1166;10982.50;C2;57;male;40.37;0;no;southeast
1167;4529.48;C1;29;female;24.60;2;no;southwest
1168;4670.64;C1;32;male;35.20;2;no;southwest
1169;6112.35;C1;37;female;34.11;1;no;northwest
1170;17178.70;C2;18;male;27.36;1;yes;northeast
1171;22478.60;C2;43;female;26.70;2;yes;southwest
1172;11093.60;C2;56;female;41.91;0;no;southeast
1173;6457.84;C1;38;male;29.26;2;no;northwest
1174;4433.92;C1;29;male;32.11;2;no;northwest
1175;2154.36;C1;22;female;27.10;0;no;southwest
1176;23887.70;C2;52;female;24.13;1;yes;northwest
1177;6496.89;C1;40;female;27.40;1;no;southwest
1178;2899.49;C1;23;female;34.87;0;no;northeast
1179;19350.40;C2;31;male;29.81;0;yes;southeast
1180;7650.77;C1;42;female;41.33;1;no;northeast
1181;2850.68;C1;24;female;29.93;0;no;northwest
1182;2632.99;C1;25;female;30.30;0;no;southwest
1183;9447.38;C2;48;female;27.36;1;no;northeast
1184;18328.20;C2;23;female;28.49;1;yes;southeast
1185;8603.82;C1;45;male;23.56;;no;northeast
1186;37465.30;C3;20;male;35.63;3;yes;northwest
1187;13844.80;C2;62;female;32.68;0;no;northwest
1188;21771.30;C2;43;female;25.27;1;yes;northeast
1189;13126.70;C2;23;female;28.00;0;no;southwest
1190;5327.40;C1;31;female;32.78;2;no;northwest
1191;13725.50;C2;41;female;21.76;1;no;northeast
1192;13019.20;C2;58;female;32.40;1;no;northeast
1193;8671.19;C2;48;;36.58;0;no;northwest
1194;4134.08;C1;31;female;21.76;0;no;northwest
1195;18838.70;C2;19;female;;3;no;northwest
1196;33307.60;C3;19;female;30.02;0;yes;northwest
1197;5699.84;C1;41;male;33.55;0;no;southeast
1198;6393.60;C1;40;male;29.36;1;no;northwest
1199;4934.70;C1;31;female;25.80;2;no;southwest
1200;6198.75;C1;37;male;24.32;2;no;northwest
1201;8733.23;C1;46;male;40.38;2;no;northwest
1202;2055.32;C1;22;male;32.11;0;no;northwest
1203;9964.06;C2;51;male;32.30;1;no;northeast
1204;18223.50;C2;18;female;27.28;3;yes;southeast
1205;5116.50;C1;35;male;17.86;1;no;northwest
1206;36910.60;C2;59;female;34.80;2;no;southwest
1207;38415.50;C3;36;male;33.40;2;yes;southwest
1208;20296.90;C2;37;female;25.56;1;yes;northeast
1209;12347.20;C2;59;male;37.10;1;no;southwest
1210;5373.36;C1;36;male;30.88;1;no;northwest
1211;23563.00;C2;39;male;34.10;2;no;southeast
1212;1702.46;C1;18;male;21.47;0;no;northeast
1213;10806.80;C2;52;female;33.30;2;no;southwest
1214;;C3;27;female;31.26;1;no;northwest
1215;12890.10;C2;18;male;39.14;0;no;northeast
1216;5415.66;C1;40;male;25.08;0;no;southeast
1217;4058.12;C1;29;male;37.29;2;no;southeast
1218;41661.60;C3;46;female;34.60;1;yes;southwest
1219;7537.16;C1;38;;30.21;3;no;northwest
1220;4718.20;C1;30;female;21.95;1;no;northeast
1221;6593.51;C1;40;male;24.97;2;no;southeast
1222;8442.67;C2;50;male;25.30;0;no;southeast
1223;26125.70;C2;20;female;24.42;0;yes;southeast
1224;6858.48;C1;41;male;23.94;1;no;northeast
1225;4795.66;C1;33;female;39.82;1;no;southeast
1226;6640.54;C1;38;male;16.82;2;no;northeast
1227;7162.01;C1;42;male;37.18;2;no;southeast
1228;10594.20;C2;56;male;34.43;0;no;southeast
1229;11938.30;C2;58;male;30.31;0;no;northeast
1230;60021.40;C3;52;male;34.49;3;yes;northwest
1231;20167.30;C2;20;female;21.80;0;yes;southwest
1232;12479.70;C2;54;female;24.61;3;no;northwest
1233;11345.50;C2;58;male;23.30;0;no;southwest
1234;8515.76;C1;45;female;27.83;2;no;southeast
1235;2699.57;C1;26;male;31.07;0;no;northwest
1236;14449.90;C2;63;female;21.66;0;no;northeast
1237;12224.40;C2;58;female;28.22;0;no;northwest
1238;6985.51;C1;37;male;22.71;3;no;northeast
1239;3238.44;C1;25;female;42.13;1;no;southeast
1240;47269.90;C3;52;male;41.80;2;yes;southeast
1241;49577.70;C3;64;male;36.96;2;yes;southeast
1242;4296.27;C1;22;female;21.28;3;no;northwest
1243;3171.61;C1;28;female;33.11;0;no;southeast
1244;1135.94;C1;18;male;33.33;0;no;southeast
1245;5615.37;C1;28;male;24.30;5;no;southwest
1246;9101.80;C1;45;female;25.70;3;no;southwest
1247;6059.17;C1;33;male;29.40;4;no;southwest
1248;1633.96;C1;18;female;39.82;0;no;southeast
1249;37607.50;C3;32;male;33.63;1;yes;northeast
1250;18648.40;C2;24;male;29.83;0;yes;northeast
1251;1241.57;C1;19;male;19.80;0;no;southwest
1252;16232.80;C2;20;male;27.30;0;yes;southwest
1253;15828.80;C2;40;female;29.30;4;no;southwest
1254;4415.16;C1;34;female;27.72;0;no;southeast
1255;6474.01;C1;42;female;37.90;0;no;southwest
1256;11436.70;C2;51;;36.39;3;no;northwest
1257;11305.90;C2;54;female;27.65;1;no;northwest
1258;30063.60;C2;55;male;37.72;3;no;northwest
1259;10197.80;C2;52;female;23.18;0;no;northeast
1260;4544.23;C1;32;female;20.52;0;no;northeast
1261;3277.16;C1;28;male;37.10;1;no;southwest
1262;6770.19;C1;41;female;28.05;1;no;southeast
1263;7337.75;C1;43;female;29.90;1;no;southwest
1264;10370.90;C2;49;female;33.35;2;no;northeast
1265;26926.50;C2;64;male;23.76;0;yes;southeast
1266;10704.50;C2;55;female;30.50;0;no;southwest
1267;34254.10;C3;24;male;31.07;0;yes;northeast
1268;1880.49;C1;20;female;33.30;0;no;southwest
1269;8615.30;C1;45;male;27.50;3;no;southwest
1270;3292.53;C1;26;male;33.92;1;no;northwest
1271;3021.81;C1;25;female;34.49;0;no;northwest
1272;14478.30;C2;43;male;25.52;5;no;southeast
1273;4747.05;C1;35;male;27.61;1;no;southeast
1274;17043.30;C2;26;male;27.06;0;yes;southeast
1275;10959.30;C2;57;male;23.70;0;no;southwest
1276;2741.95;C1;22;female;30.40;0;no;northeast
1277;4357.04;C1;32;female;29.74;0;no;northwest
1278;22462.00;C2;39;male;29.93;1;yes;northeast
1279;4189.11;C1;25;female;26.79;2;no;northwest
1280;8283.68;C2;48;female;33.33;0;no;southeast
1281;24535.70;C2;47;female;27.65;2;yes;northwest
1282;14283.50;C2;18;female;21.66;0;yes;northeast
1283;1720.35;C1;18;male;30.03;1;no;southeast
1284;47403.90;C3;61;male;36.30;1;yes;southwest
1285;8534.67;C2;47;female;24.32;0;no;northeast
1286;3732.63;C1;28;female;17.29;0;no;northeast
1287;5472.45;C1;36;female;25.90;1;no;
1288;38344.60;C3;20;male;39.40;2;yes;southwest
1289;7147.47;C1;44;male;34.32;1;no;southeast
1290;7133.90;C1;38;female;19.95;2;no;northeast
1291;34828.70;C3;19;male;;0;yes;southwest
1292;1515.34;C1;21;male;23.21;0;no;southeast
1293;9301.89;C1;46;male;25.75;3;no;northwest
1294;11931.10;C2;58;male;25.18;0;no;northeast
1295;1964.78;C1;20;male;22.00;1;no;southwest
1296;1708.93;C1;18;male;26.13;0;no;northeast
1297;4340.44;C1;28;female;26.51;2;no;southeast
1298;5261.47;C1;33;male;27.46;2;no;northwest
1299;2710.83;C1;19;female;25.75;1;no;northwest
1300;62592.90;C3;45;male;30.36;0;yes;southeast
1301;46718.20;C3;62;male;30.88;3;yes;northwest
1302;3208.79;C1;25;female;20.80;1;no;southwest
1303;37829.70;C3;43;male;27.80;0;yes;southwest
1304;21259.40;C2;42;male;24.61;2;yes;northeast
1305;2464.62;C1;24;female;27.72;0;no;southeast
1306;16115.30;C2;29;female;21.85;0;yes;northeast
1307;21472.50;C2;32;male;28.12;4;yes;northwest
1308;33900.70;C3;25;female;30.20;0;yes;southwest
1309;6875.96;C1;41;male;32.20;2;no;southwest
1310;6940.91;C1;42;male;26.32;1;no;northwest
1311;4571.41;C1;33;female;26.70;0;no;northwest
1312;4536.26;C1;34;male;42.90;1;no;southwest
1313;36397.60;C3;19;female;34.70;2;yes;southwest
1314;18765.90;C2;30;female;23.66;3;yes;northwest
1315;11272.30;C2;18;male;28.31;1;no;northeast
1316;1731.68;C1;19;female;20.60;0;no;southwest
1317;1163.46;C1;18;male;53.13;0;no;southeast
1318;19496.70;C2;35;male;39.71;4;no;northeast
1319;7201.70;C1;39;female;26.32;2;no;northwest
1320;5425.02;C1;31;male;31.07;3;no;northwest
1321;28101.30;C2;62;male;26.70;0;yes;northeast
1322;12981.30;C2;62;male;38.83;0;no;southeast
1323;43896.40;C3;42;female;40.37;2;yes;southeast
1324;4239.89;C1;31;male;25.94;1;no;northwest
1325;13143.30;C2;61;male;33.54;0;no;northeast
1326;7050.02;C1;42;female;32.87;0;no;northeast
1327;9377.90;C2;51;male;30.03;1;no;southeast
1328;22395.70;C2;23;female;24.23;2;no;northeast
1329;10325.20;C2;52;male;38.60;2;no;southwest
1330;12629.20;C2;57;female;25.74;2;no;southeast
1331;10795.90;C2;23;female;33.40;;no;southwest
1332;11411.70;C2;52;female;44.70;3;no;southwest
1333;10600.50;C2;50;male;30.97;3;no;northwest
1334;2205.98;C1;18;female;31.92;0;no;northeast
1335;1629.83;C1;18;female;36.85;0;no;southeast
1336;2007.94;C1;21;female;25.80;0;no;southwest
1337;29141.40;C2;;female;29.07;0;yes;